FIPS,State,ReportDate,Cases,IR,Vaccinations,VR
1,Alabama,2021-08-22,41624.2,21.8958,1530729,28.497
1,Alabama,2021-08-29,36395.2,22.3472,1596142,29.7448
1,Alabama,2021-09-01,44959.9,21.6525,1625303,30.3134
1,Alabama,2021-09-08,37480.1,22.339,1671636,31.2806
1,Alabama,2021-09-15,36329.4,19.0003,1845162,34.7672
1,Alabama,2021-09-22,30789.6,17.0443,1889210,35.7299
1,Alabama,2021-09-29,25360.3,14.8,1926335,36.5104
1,Alabama,2021-10-01,21228.8,15.031,1933508,36.6552
1,Alabama,2021-10-08,14536.9,12.5969,1967477,37.3478
1,Alabama,2021-10-15,9813.3,10.9163,1986588,37.7388
1,Alabama,2021-10-22,8124.11,9.38075,2008683,38.1657
1,Alabama,2021-10-29,21290.4,7.6547,2027973,38.5731
1,Alabama,2021-11-01,19164.5,6.69615,2034466,38.7104
1,Alabama,2021-11-08,6789.74,5.71636,2049472,39.006
1,Alabama,2021-11-15,6690.64,5.62687,2065394,39.297
1,Alabama,2021-11-22,5902.6,6.0297,2079853,39.5896
1,Alabama,2021-11-29,3364.44,6.69561,2096032,39.9045
1,Alabama,2021-12-01,2922.48,6.39923,2100234,39.9851
2,Alaska,2021-08-22,13481,8.9195,332419,52.4172
2,Alaska,2021-08-29,11983,13.321,335845,52.8828
2,Alaska,2021-09-01,12827.4,13.5916,337239,53.0103
2,Alaska,2021-09-08,13508.1,9.99875,339988,53.3345
2,Alaska,2021-09-15,11343.7,8.69296,343687,53.731
2,Alaska,2021-09-22,18129.9,17.573,349906,54.1517
2,Alaska,2021-09-29,27860.2,12.56,357065,54.6241
2,Alaska,2021-10-01,27235,13.3362,358387,54.7828
2,Alaska,2021-10-08,21376.9,11.1686,361392,55.1448
2,Alaska,2021-10-15,17989.5,8.69308,364261,55.5
2,Alaska,2021-10-22,16197,8.99833,368813,55.9172
2,Alaska,2021-10-29,14757.2,7.66353,371726,56.2828
2,Alaska,2021-11-01,15382.2,7.516,372850,56.4448
2,Alaska,2021-11-08,13873.1,7.60286,375151,56.7517
2,Alaska,2021-11-15,10738,8.99643,378231,57.0448
2,Alaska,2021-11-22,14306.3,8.48929,380969,57.3483
2,Alaska,2021-11-29,7265.71,5.99929,382346,57.5276
2,Alaska,2021-12-01,7402.03,6.125,383853,57.6483
4,Arizona,2021-08-22,3944.41,11.1067,3360260,49.5733
4,Arizona,2021-08-29,4413.48,10.192,3412999,50.3867
4,Arizona,2021-09-01,4428.49,10.7673,3433359,50.6333
4,Arizona,2021-09-08,4818.25,11.2873,3501478,51.5133
4,Arizona,2021-09-15,4270.39,13.2653,3543957,52.1067
4,Arizona,2021-09-22,4084.35,10.588,3587495,52.7467
4,Arizona,2021-09-29,3728.6,11.904,3624809,53.3
4,Arizona,2021-10-01,3881.08,12.072,3632548,53.4467
4,Arizona,2021-10-08,3750.52,10.51,3671159,53.92
4,Arizona,2021-10-15,3510.9,10.554,3701849,54.3333
4,Arizona,2021-10-22,4127.3,11.3833,3737071,54.74
4,Arizona,2021-10-29,4908.08,11.3007,3768991,55.2133
4,Arizona,2021-11-01,4750.24,13.4473,3782855,55.4
4,Arizona,2021-11-08,5391.24,13.8927,3810725,55.84
4,Arizona,2021-11-15,6207.92,14.276,3838804,56.2533
4,Arizona,2021-11-22,6693.77,16.05,3866321,56.7
4,Arizona,2021-11-29,4857.47,15.9607,3886664,56.9867
4,Arizona,2021-12-01,4676.29,16.6053,3892658,57.1267
5,Arkansas,2021-08-22,36816.7,11.762,1080173,33.1093
5,Arkansas,2021-08-29,36302,10.7585,1120895,34.48
5,Arkansas,2021-09-01,36539.2,10.102,1134109,34.9147
5,Arkansas,2021-09-08,33917.2,9.91227,1170326,36.2093
5,Arkansas,2021-09-15,33476.2,10.0399,1196078,37.1467
5,Arkansas,2021-09-22,26080.4,9.33773,1220397,37.9973
5,Arkansas,2021-09-29,18265.8,9.29417,1238131,38.6213
5,Arkansas,2021-10-01,16199.2,10.0803,1243510,38.82
5,Arkansas,2021-10-08,13820.5,8.96483,1259222,39.3067
5,Arkansas,2021-10-15,11423.8,8.74833,1271456,39.6893
5,Arkansas,2021-10-22,9664.69,7.84782,1295105,40.5573
5,Arkansas,2021-10-29,6805.35,8.49581,1305643,40.9093
5,Arkansas,2021-11-01,7199.79,8.20113,1310315,41.0667
5,Arkansas,2021-11-08,7228.44,6.86115,1319921,41.388
5,Arkansas,2021-11-15,8636.65,8.08351,1329032,41.6813
5,Arkansas,2021-11-22,10231.2,7.64347,1336849,41.9347
5,Arkansas,2021-11-29,7229.04,7.40604,1344188,42.1227
5,Arkansas,2021-12-01,8121.43,8.31377,1347212,42.1987
6,California,2021-08-22,16821.2,9.28233,21145022,49.16
6,California,2021-08-29,18940.9,8.1086,21446830,49.874
6,California,2021-09-01,17801.5,7.4693,21562010,50.158
6,California,2021-09-08,14850.5,7.22349,21775662,50.694
6,California,2021-09-15,11527.7,6.82488,22063257,51.458
6,California,2021-09-22,13175,6.3593,22386162,52.446
6,California,2021-09-29,12528.1,5.56558,22646340,53.314
6,California,2021-10-01,12230.1,5.32907,22692299,53.442
6,California,2021-10-08,11758.4,5.06395,22935603,54.08
6,California,2021-10-15,11220.9,4.65674,23126408,54.638
6,California,2021-10-22,10891.6,4.54907,23329358,55.138
6,California,2021-10-29,11029.7,4.72744,23511387,55.59
6,California,2021-11-01,10995.7,5.01907,23597364,55.798
6,California,2021-11-08,5136.82,4.82209,23784228,56.27
6,California,2021-11-15,9099.79,4.44023,23971185,56.746
6,California,2021-11-22,4832.12,4.13698,24135615,57.152
6,California,2021-11-29,1422.98,3.80395,24276271,57.466
6,California,2021-12-01,5285.12,4.21186,24335524,57.586
8,Colorado,2021-08-22,7683.7,6.324,3149357,45.9594
8,Colorado,2021-08-29,9395.32,7.39911,3186122,46.4406
8,Colorado,2021-09-01,9853.66,7.25293,3199878,46.6234
8,Colorado,2021-09-08,12430,7.53117,3230320,47.0953
8,Colorado,2021-09-15,15444.7,8.04133,3263161,47.5797
8,Colorado,2021-09-22,14601.5,8.14491,3295776,48.0828
8,Colorado,2021-09-29,15335.8,7.54136,3325931,48.5391
8,Colorado,2021-10-01,19353.3,7.94881,3333532,48.7
8,Colorado,2021-10-08,17227.9,8.79333,3365077,49.1453
8,Colorado,2021-10-15,21527.7,8.89733,3391434,49.5187
8,Colorado,2021-10-22,27105.2,8.8082,3422040,49.9859
8,Colorado,2021-10-29,23793.7,8.68295,3447653,50.4328
8,Colorado,2021-11-01,24078,9.07417,3459137,50.6188
8,Colorado,2021-11-08,21350.3,9.91339,3480776,50.9875
8,Colorado,2021-11-15,24909.9,10.4728,3500236,51.3297
8,Colorado,2021-11-22,24360.7,9.89639,3520999,51.6844
8,Colorado,2021-11-29,16858.5,8.53633,3539144,51.9344
8,Colorado,2021-12-01,14008,8.38034,3549553,52.0281
9,Connecticut,2021-08-22,821.01,4.705,2285101,63.05
9,Connecticut,2021-08-29,1021.17,4.81125,2309797,63.7
9,Connecticut,2021-09-01,956.2,4.29875,2322862,64.05
9,Connecticut,2021-09-08,849.24,3.455,2339812,64.4875
9,Connecticut,2021-09-15,1133.56,3.82875,2366026,65.1625
9,Connecticut,2021-09-22,1092.84,3.89125,2388408,65.775
9,Connecticut,2021-09-29,865.48,3.15375,2408522,66.275
9,Connecticut,2021-10-01,742.98,3.03375,2413474,66.45
9,Connecticut,2021-10-08,706.77,2.82625,2431561,66.9
9,Connecticut,2021-10-15,777.55,2.98625,2446877,67.3375
9,Connecticut,2021-10-22,823.3,2.93125,2463191,67.7375
9,Connecticut,2021-10-29,599.24,2.51625,2475934,68.1125
9,Connecticut,2021-11-01,601.82,2.42375,2481596,68.2375
9,Connecticut,2021-11-08,632.33,2.75125,2493880,68.5625
9,Connecticut,2021-11-15,770.86,3.46625,2504004,68.8375
9,Connecticut,2021-11-22,1377.16,4.20875,2513479,69.0875
9,Connecticut,2021-11-29,1477,5.2425,2520348,69.275
9,Connecticut,2021-12-01,1527.21,6.1575,2527051,69.45
10,Delaware,2021-08-22,780.61,8.16333,509069,50.4667
10,Delaware,2021-08-29,839.8,8.48667,516642,51.2667
10,Delaware,2021-09-01,885.85,7.99333,518986,51.5
10,Delaware,2021-09-08,973.38,8.47333,525279,52.1667
10,Delaware,2021-09-15,998.51,9.72667,529329,52.5667
10,Delaware,2021-09-22,1043.16,8.31333,534844,53.1667
10,Delaware,2021-09-29,1046.92,7.69333,539967,53.7
10,Delaware,2021-10-01,998.9,7.62,540105,53.7333
10,Delaware,2021-10-08,1080.98,8.09333,547293,54.4333
10,Delaware,2021-10-15,916.33,8.32,551507,54.9333
10,Delaware,2021-10-22,782.46,7.71333,556696,55.5
10,Delaware,2021-10-29,629.05,6.15667,559702,55.8
10,Delaware,2021-11-01,599.02,6.21667,559869,55.8333
10,Delaware,2021-11-08,538,4.93667,564072,56.2667
10,Delaware,2021-11-15,608.96,5.28,567267,56.6
10,Delaware,2021-11-22,795.51,7.04333,571241,57
10,Delaware,2021-11-29,732.38,8.08,571168,57.0333
10,Delaware,2021-12-01,740.71,8.23333,577379,57.6
12,Florida,2021-08-22,51850.9,24.3773,10922390,41.194
12,Florida,2021-08-29,57293.5,23.1745,11195314,42.3716
12,Florida,2021-09-01,57293.5,21.7594,11312161,42.8522
12,Florida,2021-09-08,51208.1,19.3384,11533385,43.8716
12,Florida,2021-09-15,38740.6,17.9625,11775253,44.9493
12,Florida,2021-09-22,28794.9,13.5994,11944651,45.7239
12,Florida,2021-09-29,18811,10.6146,12106677,46.4343
12,Florida,2021-10-01,11709.7,10.0624,12161125,46.6821
12,Florida,2021-10-08,11709.7,7.6491,12326070,47.3104
12,Florida,2021-10-15,5412.04,6.35478,12440295,47.7403
12,Florida,2021-10-22,4090.87,5.05119,12559228,48.1776
12,Florida,2021-10-29,2941.24,4.73701,12640514,48.491
12,Florida,2021-11-01,2941.24,3.87844,12678738,48.6433
12,Florida,2021-11-08,2356.28,3.27561,12757233,48.9448
12,Florida,2021-11-15,2228.34,3.1281,12841894,49.2433
12,Florida,2021-11-22,2203.75,2.81952,12915669,49.5194
12,Florida,2021-11-29,NULL,3.05831,13002744,50.0701
12,Florida,2021-12-01,2355.17,3.01903,13028828,50.1537
13,Georgia,2021-08-22,102130,21.7848,2358192,16.2962
13,Georgia,2021-08-29,120400,22.6708,2418047,16.8774
13,Georgia,2021-09-01,123945,22.9251,2468718,17.3937
13,Georgia,2021-09-08,92966.5,21.8496,2537543,18.1044
13,Georgia,2021-09-15,77800.4,19.7613,2597583,18.7415
13,Georgia,2021-09-22,56621.8,15.8169,2669355,19.6453
13,Georgia,2021-09-29,42083.8,14.2523,2740284,20.427
13,Georgia,2021-10-01,38771.8,13.4967,2748691,20.5226
13,Georgia,2021-10-08,27012.7,11.0775,2806051,21.1283
13,Georgia,2021-10-15,20590.3,9.56753,2872679,21.756
13,Georgia,2021-10-22,15087.7,8.10188,2918487,22.1742
13,Georgia,2021-10-29,10053,5.72331,2949456,22.434
13,Georgia,2021-11-01,10086.5,5.47085,2967789,22.6189
13,Georgia,2021-11-08,10195,5.52328,3001695,22.9226
13,Georgia,2021-11-15,7839.71,4.75261,3014995,23.0277
13,Georgia,2021-11-22,7784.18,4.88504,3050553,23.3484
13,Georgia,2021-11-29,3822.24,7.55238,3063959,23.4585
13,Georgia,2021-12-01,5972.09,7.35152,3083895,23.6044
15,Hawaii,2021-08-22,1362.49,7.2675,NULL,NULL
15,Hawaii,2021-08-29,1485.88,7.91,NULL,NULL
15,Hawaii,2021-09-01,1639.04,7.84,NULL,NULL
15,Hawaii,2021-09-08,1542.75,7.165,NULL,NULL
15,Hawaii,2021-09-15,1150.72,6.9675,NULL,NULL
15,Hawaii,2021-09-22,1041.62,6.165,NULL,NULL
15,Hawaii,2021-09-29,745.94,4.91,NULL,NULL
15,Hawaii,2021-10-01,652.41,4.6275,NULL,NULL
15,Hawaii,2021-10-08,532.03,4.145,NULL,NULL
15,Hawaii,2021-10-15,327.15,3.3225,NULL,NULL
15,Hawaii,2021-10-22,301.42,2.5375,657,0.1
15,Hawaii,2021-10-29,335.6,3.0125,686,0.1
15,Hawaii,2021-11-01,366.89,2.96,NULL,NULL
15,Hawaii,2021-11-08,289.83,2.425,732,0.1
15,Hawaii,2021-11-15,348.01,2.7775,753,0.1
15,Hawaii,2021-11-22,382.48,2.0325,NULL,NULL
15,Hawaii,2021-11-29,270.91,1.8175,NULL,NULL
15,Hawaii,2021-12-01,293.29,2.585,NULL,NULL
16,Idaho,2021-08-22,9614.4,17.9757,675022,34.0091
16,Idaho,2021-08-29,11548.6,19.1351,683817,34.4841
16,Idaho,2021-09-01,15182.4,19.7328,685471,34.5568
16,Idaho,2021-09-08,13671.4,18.2802,693888,34.9795
16,Idaho,2021-09-15,21472.3,23.1805,704458,35.5659
16,Idaho,2021-09-22,18405.8,23.264,715307,36.1841
16,Idaho,2021-09-29,16733.5,21.8628,724953,36.7068
16,Idaho,2021-10-01,18801.6,21.5842,727420,36.8568
16,Idaho,2021-10-08,17757.8,19.8565,737500,37.4159
16,Idaho,2021-10-15,16972,20.5105,745046,37.85
16,Idaho,2021-10-22,17327.7,18.9795,753939,38.3432
16,Idaho,2021-10-29,15020.5,17.9138,763733,38.8568
16,Idaho,2021-11-01,13508.7,18.5463,766749,39.0227
16,Idaho,2021-11-08,10889.9,13.4148,773521,39.425
16,Idaho,2021-11-15,7229.72,13.032,778578,39.6955
16,Idaho,2021-11-22,7641.06,11.4023,784607,40.0409
16,Idaho,2021-11-29,5291.18,12.0483,788409,40.2341
16,Idaho,2021-12-01,5115.9,13.4718,789729,40.3114
17,Illinois,2021-08-22,37010.6,8.57765,6250306,39.4755
17,Illinois,2021-08-29,38400.2,8.13784,6318688,39.9873
17,Illinois,2021-09-01,46244.9,8.0749,6365243,40.3
17,Illinois,2021-09-08,41761.3,7.61216,6421682,40.748
17,Illinois,2021-09-15,44648,7.66608,6497853,41.3353
17,Illinois,2021-09-22,36756.3,6.24206,6556391,41.8569
17,Illinois,2021-09-29,26959.2,4.78118,6627117,42.4775
17,Illinois,2021-10-01,26377.6,4.75961,6639489,42.5931
17,Illinois,2021-10-08,25490.7,4.58624,6708546,43.0873
17,Illinois,2021-10-15,18995.1,4.04353,6736928,43.301
17,Illinois,2021-10-22,16315.9,3.66202,6745937,43.3549
17,Illinois,2021-10-29,15532.3,3.3811,7390446,46.9324
17,Illinois,2021-11-01,14218.9,3.21184,7422543,47.149
17,Illinois,2021-11-08,16614.4,3.8354,7487906,47.5608
17,Illinois,2021-11-15,22230.2,4.4572,7543677,47.9314
17,Illinois,2021-11-22,27322.9,5.01505,7581562,48.352
17,Illinois,2021-11-29,19697.9,7.38792,7642647,48.7716
17,Illinois,2021-12-01,30459.9,7.62402,7667996,48.898
18,Indiana,2021-08-22,33966.2,14.4662,3029904,40.4685
18,Indiana,2021-08-29,44632.6,14.4115,3066925,40.9891
18,Indiana,2021-09-01,49972.6,15.0521,3075648,41.1054
18,Indiana,2021-09-08,47635,16.507,3104421,41.5457
18,Indiana,2021-09-15,44285.1,16.7566,3137093,42.0717
18,Indiana,2021-09-22,40434.3,14.935,3183660,42.8141
18,Indiana,2021-09-29,32088.6,14.2565,3213376,43.2783
18,Indiana,2021-10-01,29674.2,14.013,3219268,43.3837
18,Indiana,2021-10-08,28167.6,13.5285,3251153,43.8565
18,Indiana,2021-10-15,24079.1,12.7899,3269602,44.1457
18,Indiana,2021-10-22,18344,12.0452,3291544,44.4554
18,Indiana,2021-10-29,17103,10.8947,3307684,44.6989
18,Indiana,2021-11-01,17120.3,11.0884,3315554,44.812
18,Indiana,2021-11-08,17479.9,11.0097,3329296,45.0141
18,Indiana,2021-11-15,29853.1,12.5346,3340081,45.175
18,Indiana,2021-11-22,22736.5,14.3787,3353577,45.375
18,Indiana,2021-11-29,22231.2,16.6312,3359031,45.4435
18,Indiana,2021-12-01,30617.8,17.4971,3363735,45.4989
19,Iowa,2021-08-22,14969.3,13.9166,1565222,45.5606
19,Iowa,2021-08-29,21522,14.9788,1583194,46.0949
19,Iowa,2021-09-01,21522,15.6105,1595623,46.4616
19,Iowa,2021-09-08,25045.7,13.3881,1612101,46.9455
19,Iowa,2021-09-15,65223.6,13.369,1629882,47.4596
19,Iowa,2021-09-22,37429.4,13.6076,1644500,47.8909
19,Iowa,2021-09-29,50533.3,14.4818,1658532,48.3131
19,Iowa,2021-10-01,37223.2,14.3002,1661992,48.4212
19,Iowa,2021-10-08,35756,15.0949,1674119,48.7778
19,Iowa,2021-10-15,28691.4,13.4472,1684635,49.0949
19,Iowa,2021-10-22,23827.3,12.0002,1696124,49.4253
19,Iowa,2021-10-29,23143,11.7343,1705308,49.704
19,Iowa,2021-11-01,23143,12.0545,1706994,49.7616
19,Iowa,2021-11-08,26774.1,13.3596,1715818,50.0323
19,Iowa,2021-11-15,28678.7,13.7151,1724091,50.2798
19,Iowa,2021-11-22,31024.3,15.0095,1732280,50.5263
19,Iowa,2021-11-29,33125.8,15.719,1735977,50.6394
19,Iowa,2021-12-01,33125.8,16.4982,1745544,50.8606
20,Kansas,2021-08-22,22679.2,16.8191,1286767,37.9848
20,Kansas,2021-08-29,25400.8,14.7358,1310979,38.7314
20,Kansas,2021-09-01,26930.6,15.3865,1319015,38.9514
20,Kansas,2021-09-08,22608.1,15.8046,1337977,39.5924
20,Kansas,2021-09-15,44047.4,16.9721,1357348,40.2352
20,Kansas,2021-09-22,27921.8,13.0164,1375872,40.8705
20,Kansas,2021-09-29,24023.4,13.216,1393218,41.4133
20,Kansas,2021-10-01,24132.8,13.5479,1396877,41.5562
20,Kansas,2021-10-08,26108.6,15.196,1411597,42.0276
20,Kansas,2021-10-15,27700.9,14.8116,1424823,42.4114
20,Kansas,2021-10-22,27989,15.046,1437929,42.8333
20,Kansas,2021-10-29,33376.2,16.3883,1448496,43.1533
20,Kansas,2021-11-01,33514.9,17.7094,1453302,43.3019
20,Kansas,2021-11-08,33741.3,15.7828,1463537,43.5838
20,Kansas,2021-11-15,40701.9,17.26,1472360,43.8657
20,Kansas,2021-11-22,40965,19.1732,1481484,44.1314
20,Kansas,2021-11-29,26099.2,19.0286,1485665,44.2552
20,Kansas,2021-12-01,32124.1,19.9837,1493279,44.4181
21,Kentucky,2021-08-22,66954.5,15.9205,1957724,37.6367
21,Kentucky,2021-08-29,85892,17.4743,1993853,38.3933
21,Kentucky,2021-09-01,91541.1,17.5738,2008963,38.7075
21,Kentucky,2021-09-08,87266.6,17.572,2044465,39.4558
21,Kentucky,2021-09-15,88777.9,17.5718,2114013,40.7467
21,Kentucky,2021-09-22,85587,16.2976,2163515,41.7475
21,Kentucky,2021-09-29,67634,14.1728,2201057,42.6342
21,Kentucky,2021-10-01,59223.8,13.8954,2211819,42.8867
21,Kentucky,2021-10-08,50612.5,11.7687,2244102,43.6458
21,Kentucky,2021-10-15,41442.6,11.4723,2269076,44.2492
21,Kentucky,2021-10-22,32501.5,9.187,2291100,44.7917
21,Kentucky,2021-10-29,28895.5,7.36983,2121612,42.8383
21,Kentucky,2021-11-01,29657.8,6.84517,2130504,43.0508
21,Kentucky,2021-11-08,23259.6,7.58277,2146687,43.4225
21,Kentucky,2021-11-15,25795,7.325,2161569,43.7483
21,Kentucky,2021-11-22,30114.3,8.1358,2176145,44.0525
21,Kentucky,2021-11-29,23459,10.2498,2186518,44.2592
21,Kentucky,2021-12-01,29695.6,10.9922,2191236,44.3333
22,Louisiana,2021-08-22,48012.2,14.6002,1785580,33.7344
22,Louisiana,2021-08-29,42879.9,12.8141,1857757,35.1922
22,Louisiana,2021-09-01,23031,11.8864,1866532,35.3812
22,Louisiana,2021-09-08,40538.2,13.7389,1910490,36.4594
22,Louisiana,2021-09-15,28260.7,9.74891,1956551,37.5812
22,Louisiana,2021-09-22,19345.1,7.75656,2003423,38.6375
22,Louisiana,2021-09-29,14645.6,7.12375,2035710,39.3641
22,Louisiana,2021-10-01,12053.2,6.43891,2043793,39.5391
22,Louisiana,2021-10-08,9411.58,5.31694,2069065,40.0563
22,Louisiana,2021-10-15,7548.42,3.90145,2091743,40.5172
22,Louisiana,2021-10-22,5036.18,3.61565,2121733,41.0938
22,Louisiana,2021-10-29,4603.98,2.96581,2138639,41.4406
22,Louisiana,2021-11-01,3786.28,3.08712,2145092,41.5641
22,Louisiana,2021-11-08,4960.88,2.37316,2158895,41.8484
22,Louisiana,2021-11-15,3572.81,2.89158,2172292,42.1234
22,Louisiana,2021-11-22,4622.38,2.74967,2185485,42.4172
22,Louisiana,2021-11-29,1946.05,4.23633,2197955,42.6719
22,Louisiana,2021-12-01,3231.06,4.96466,2200944,42.7188
23,Maine,2021-08-22,1492.79,5.23313,842888,60.0687
23,Maine,2021-08-29,2121.93,5.65625,850138,60.5938
23,Maine,2021-09-01,2588.45,5.59,855122,60.9688
23,Maine,2021-09-08,2999.28,6.10063,861663,61.4375
23,Maine,2021-09-15,4090.24,5.72625,870711,62.1
23,Maine,2021-09-22,4564.73,5.32438,879440,62.7687
23,Maine,2021-09-29,5689.9,4.98562,887922,63.4
23,Maine,2021-10-01,6015.1,4.715,889761,63.5375
23,Maine,2021-10-08,4599.52,5.3675,894654,63.8812
23,Maine,2021-10-15,3760.94,7.76875,901594,64.3688
23,Maine,2021-10-22,4459.66,7.67188,908268,64.8625
23,Maine,2021-10-29,3662.89,7.91875,913983,65.2937
23,Maine,2021-11-01,4606.23,8.05375,915124,65.375
23,Maine,2021-11-08,4890.14,8.51875,920736,65.7875
23,Maine,2021-11-15,4427.42,9.85375,926690,66.1937
23,Maine,2021-11-22,6325.47,10.6737,932284,66.5938
23,Maine,2021-11-29,3748.99,9.74063,935483,66.825
23,Maine,2021-12-01,3219.49,11.2525,938522,67.05
24,Maryland,2021-08-22,3465.08,7.97542,3614402,54.6792
24,Maryland,2021-08-29,3849.36,7.43583,3657306,55.3583
24,Maryland,2021-09-01,4073.93,6.58917,3673994,55.6
24,Maryland,2021-09-08,4203.63,7.44125,3709926,56.1708
24,Maryland,2021-09-15,4582.49,7.30875,3749953,56.825
24,Maryland,2021-09-22,5467.68,7.30125,3788039,57.4375
24,Maryland,2021-09-29,5179.06,6.75375,3823978,57.9792
24,Maryland,2021-10-01,5280.74,7.36167,3830836,58.0958
24,Maryland,2021-10-08,4870.12,6.74458,3863720,58.5917
24,Maryland,2021-10-15,4465.53,7.32333,3890041,59.0042
24,Maryland,2021-10-22,3838.87,6.71292,3920100,59.45
24,Maryland,2021-10-29,3472.93,6.49833,3941661,59.75
24,Maryland,2021-11-01,3264.29,6.1225,3951498,59.8958
24,Maryland,2021-11-08,2848.68,5.58083,3958482,59.9208
24,Maryland,2021-11-15,3277.74,6.06083,3980397,60.2542
24,Maryland,2021-11-22,3574.59,6.64375,4001756,60.5625
24,Maryland,2021-11-29,3499.09,7.53,4025189,60.8375
24,Maryland,2021-12-01,3586.17,7.015,4039699,61.0333
25,Massachusetts,2021-08-22,2503.59,3.64571,4030080,46.0143
25,Massachusetts,2021-08-29,2359.27,3.44714,4063918,46.4143
25,Massachusetts,2021-09-01,2443.25,3.40357,4073350,46.5
25,Massachusetts,2021-09-08,2246.61,3.27929,4105729,46.8786
25,Massachusetts,2021-09-15,2307.79,2.96143,4135453,47.2429
25,Massachusetts,2021-09-22,2532.88,2.745,4161510,47.5357
25,Massachusetts,2021-09-29,1894.43,2.29214,4189344,47.8786
25,Massachusetts,2021-10-01,1825.04,2.11143,4194335,47.9571
25,Massachusetts,2021-10-08,1527.33,2.16,4222998,48.2714
25,Massachusetts,2021-10-15,1804.64,2.43929,4246363,48.5571
25,Massachusetts,2021-10-22,1805.54,2.42929,4274739,48.9
25,Massachusetts,2021-10-29,1278.5,2.11929,4296949,49.1643
25,Massachusetts,2021-11-01,1523.74,2.22786,4307392,49.2929
25,Massachusetts,2021-11-08,1643.13,2.445,4330697,49.5643
25,Massachusetts,2021-11-15,2205.68,3.46929,4352096,49.8071
25,Massachusetts,2021-11-22,2773.31,3.60714,4373633,50.0714
25,Massachusetts,2021-11-29,3350.91,4.37154,4394425,50.3071
25,Massachusetts,2021-12-01,3196.07,4.51714,4405488,50.4643
26,Michigan,2021-08-22,10276.5,8.9105,4684703,45.853
26,Michigan,2021-08-29,12331.8,10.4245,4722326,46.1627
26,Michigan,2021-09-01,13302.9,10.0394,4743514,46.3229
26,Michigan,2021-09-08,16139.5,10.4465,4773527,46.5831
26,Michigan,2021-09-15,16616.7,11.09,4814553,46.9193
26,Michigan,2021-09-22,24132.7,11.1536,4890957,47.4976
26,Michigan,2021-09-29,26076.3,11.4725,4922706,47.794
26,Michigan,2021-10-01,27400.1,12.2605,4930228,47.8651
26,Michigan,2021-10-08,31583.7,14.3631,5131547,50.2253
26,Michigan,2021-10-15,34873.4,16.0045,5171707,50.5928
26,Michigan,2021-10-22,30109.6,15.9257,5190389,50.794
26,Michigan,2021-10-29,29234.8,15.0553,5223253,51.0843
26,Michigan,2021-11-01,28831.2,14.9167,5233599,51.1855
26,Michigan,2021-11-08,34259.4,17.2292,5256537,51.4133
26,Michigan,2021-11-15,36561.8,18.7106,5279374,51.6337
26,Michigan,2021-11-22,54260.8,20.2423,5301351,51.841
26,Michigan,2021-11-29,31881.8,20.6949,5310502,51.9337
26,Michigan,2021-12-01,37633.3,20.4493,5322126,52.0434
27,Minnesota,2021-08-22,12608,8.09483,2939691,45.7862
27,Minnesota,2021-08-29,17952.3,9.13678,2971714,46.2793
27,Minnesota,2021-09-01,18546.5,9.34069,2984364,46.4713
27,Minnesota,2021-09-08,13160.3,10.1083,3012897,46.9839
27,Minnesota,2021-09-15,28914.9,9.3669,3041348,47.4609
27,Minnesota,2021-09-22,29514.3,10.2094,3062883,47.831
27,Minnesota,2021-09-29,32075.6,9.82391,3084332,48.2034
27,Minnesota,2021-10-01,35379.3,10.3689,3089903,48.308
27,Minnesota,2021-10-08,44729.6,12.6175,3111291,48.6609
27,Minnesota,2021-10-15,41418.3,12.6523,3129739,48.9966
27,Minnesota,2021-10-22,34362.2,10.9906,3149032,49.3161
27,Minnesota,2021-10-29,33135.9,11.4237,3184031,50.2816
27,Minnesota,2021-11-01,35245,12.277,3193978,50.4747
27,Minnesota,2021-11-08,50834.4,12.948,3277795,52.3609
27,Minnesota,2021-11-15,45331.9,14.3182,3292950,52.6264
27,Minnesota,2021-11-22,50013.6,14.2043,3307718,52.8759
27,Minnesota,2021-11-29,37206,13.4424,3313834,52.9805
27,Minnesota,2021-12-01,37809.9,13.6274,3332869,53.2023
28,Mississippi,2021-08-22,67097.6,19.8949,1087312,35.1183
28,Mississippi,2021-08-29,57028.7,19.1986,1116098,36.1061
28,Mississippi,2021-09-01,52156.9,18.7551,1137854,36.8366
28,Mississippi,2021-09-08,47740.9,18.8721,1158536,37.5354
28,Mississippi,2021-09-15,35445.6,16.1186,1213762,39.4573
28,Mississippi,2021-09-22,33709.9,14.432,1246983,40.639
28,Mississippi,2021-09-29,23614.4,11.1822,1270388,41.4646
28,Mississippi,2021-10-01,19093.7,10.4983,1275702,41.6634
28,Mississippi,2021-10-08,14191.8,8.62846,1292544,42.2293
28,Mississippi,2021-10-15,10006.5,8.33667,1307473,42.7085
28,Mississippi,2021-10-22,8516.96,6.63776,1325444,43.3098
28,Mississippi,2021-10-29,9202.48,6.43526,1336016,43.639
28,Mississippi,2021-11-01,9033.98,5.96693,1336345,43.6463
28,Mississippi,2021-11-08,4684.41,5.94187,1346381,43.9549
28,Mississippi,2021-11-15,4272.59,5.83453,1357249,44.3
28,Mississippi,2021-11-22,5009.93,6.19203,1367861,44.6329
28,Mississippi,2021-11-29,4315.48,7.14901,1371798,44.7476
28,Mississippi,2021-12-01,4576.37,7.51458,1377585,44.9244
29,Missouri,2021-08-22,36263.2,15.6588,2456187,31.6461
29,Missouri,2021-08-29,34975.7,14.1168,2511439,32.5461
29,Missouri,2021-09-01,35488.3,13.6582,2530287,32.8522
29,Missouri,2021-09-08,31597.3,12.3189,2568698,33.4939
29,Missouri,2021-09-15,37584.6,12.7517,2610434,34.1896
29,Missouri,2021-09-22,32034.6,11.0609,2639966,34.6757
29,Missouri,2021-09-29,23915.3,10.5901,2679088,35.3096
29,Missouri,2021-10-01,23380.9,10.2897,2686166,35.4209
29,Missouri,2021-10-08,19528.2,9.66191,2715545,35.8348
29,Missouri,2021-10-15,14062.6,10.3834,2738900,36.1478
29,Missouri,2021-10-22,11876.3,8.06046,2761271,36.4609
29,Missouri,2021-10-29,11980.1,7.35823,2778419,36.7061
29,Missouri,2021-11-01,11367.6,7.84045,2787102,36.8122
29,Missouri,2021-11-08,15103,7.77009,2801507,37.0365
29,Missouri,2021-11-15,20249.1,9.1225,2821940,37.267
29,Missouri,2021-11-22,49469.9,11.1976,2838308,37.4617
29,Missouri,2021-11-29,23176.3,11.6167,2845318,37.5435
29,Missouri,2021-12-01,25764.8,12.5752,2854436,37.6383
30,Montana,2021-08-22,8209.43,11.7257,465581,37.5286
30,Montana,2021-08-29,11588.3,14.6,471025,38.0107
30,Montana,2021-09-01,13055,12.7418,473922,38.2268
30,Montana,2021-09-08,11030.5,13.337,479559,38.6893
30,Montana,2021-09-15,20416.4,14.8775,485896,39.2339
30,Montana,2021-09-22,26266.9,15.0122,490498,39.6696
30,Montana,2021-09-29,28141.8,16.185,494967,40.0625
30,Montana,2021-10-01,26895.4,16.3665,495921,40.175
30,Montana,2021-10-08,29058,17.0235,500736,40.6232
30,Montana,2021-10-15,25175.7,14.8677,505290,41.0839
30,Montana,2021-10-22,25316.4,16.3624,510491,41.5482
30,Montana,2021-10-29,24042.9,16.2138,515621,42.0589
30,Montana,2021-11-01,22983.6,16.2787,516540,42.1643
30,Montana,2021-11-08,19472.4,13.3712,520263,42.5375
30,Montana,2021-11-15,15719.2,13.9709,523678,42.8696
30,Montana,2021-11-22,14511.2,11.2293,527808,43.2786
30,Montana,2021-11-29,7929.77,9.98659,530197,43.525
30,Montana,2021-12-01,6732.08,9.79767,531127,43.6071
31,Nebraska,2021-08-22,NULL,19.8431,878847,33.2097
31,Nebraska,2021-08-29,NULL,22.0123,893596,33.7763
31,Nebraska,2021-09-01,NULL,21.4198,901253,34.0624
31,Nebraska,2021-09-08,NULL,23.6385,911959,34.4871
31,Nebraska,2021-09-15,NULL,21.4408,925326,35.0946
31,Nebraska,2021-09-22,NULL,24.1942,935592,35.5151
31,Nebraska,2021-09-29,17392,22.1088,946091,36.014
31,Nebraska,2021-10-01,17390.2,21.2393,948001,36.1258
31,Nebraska,2021-10-08,19337.8,21.7484,956204,36.5043
31,Nebraska,2021-10-15,15925,22.0362,962586,36.7968
31,Nebraska,2021-10-22,20177.8,21.9212,969952,37.1043
31,Nebraska,2021-10-29,17227.9,23.3635,975513,37.3882
31,Nebraska,2021-11-01,21477.5,24.0487,976367,37.4258
31,Nebraska,2021-11-08,28865.2,24.7607,981488,37.6688
31,Nebraska,2021-11-15,27961.6,25.4566,986920,37.9215
31,Nebraska,2021-11-22,24656.8,24.0949,993367,38.2376
31,Nebraska,2021-11-29,18876.8,25.4745,994435,38.2763
31,Nebraska,2021-12-01,20566.5,25.8407,998412,38.4054
32,Nevada,2021-08-22,2895.77,18.7481,1363204,35.8941
32,Nevada,2021-08-29,3766.75,15.7813,1390744,36.5294
32,Nevada,2021-09-01,3996.15,18.6613,1401872,36.7235
32,Nevada,2021-09-08,5469.02,17.6582,1422599,37.1882
32,Nevada,2021-09-15,10636.9,19.0594,1443276,37.6588
32,Nevada,2021-09-22,9748.32,15.7288,1464390,38.1824
32,Nevada,2021-09-29,5644.47,13.8888,1481942,38.6118
32,Nevada,2021-10-01,7223.07,14.4237,1484884,38.7294
32,Nevada,2021-10-08,6399.41,13.7929,1501668,39.2118
32,Nevada,2021-10-15,4358.44,23.652,1514640,39.5882
32,Nevada,2021-10-22,4347.39,19.2463,1530387,40.0412
32,Nevada,2021-10-29,4654.49,18.4419,1544376,40.4118
32,Nevada,2021-11-01,3647.95,15.9427,1550463,40.5588
32,Nevada,2021-11-08,3880.99,15.8881,1562196,40.9118
32,Nevada,2021-11-15,2667.14,14.7713,1573082,41.2118
32,Nevada,2021-11-22,3458.62,11.9894,1582994,41.5882
32,Nevada,2021-11-29,961.95,15.5927,1590717,41.8
32,Nevada,2021-12-01,1951.7,16.9969,1595003,41.8765
33,"New Hampshire",2021-08-22,1281.12,4.905,758105,56.2
33,"New Hampshire",2021-08-29,1421.54,5.426,762475,56.53
33,"New Hampshire",2021-09-01,1571.49,5.255,763849,56.62
33,"New Hampshire",2021-09-08,1566.91,4.755,770678,57.1
33,"New Hampshire",2021-09-15,2129.6,5.705,777617,57.62
33,"New Hampshire",2021-09-22,2412.69,5.51,781756,57.9
33,"New Hampshire",2021-09-29,2788.45,5.132,786262,58.24
33,"New Hampshire",2021-10-01,2788.4,5.148,787199,58.3
33,"New Hampshire",2021-10-08,2932.54,6.17,792144,58.68
33,"New Hampshire",2021-10-15,3626.52,7.873,796582,59
33,"New Hampshire",2021-10-22,3509.34,7.766,800733,59.3
33,"New Hampshire",2021-10-29,1303.24,4.395,803348,59.5
33,"New Hampshire",2021-11-01,681.84,6.54,804560,59.59
33,"New Hampshire",2021-11-08,5820.79,8.571,810575,60.08
33,"New Hampshire",2021-11-15,4171.28,8.956,814616,60.42
33,"New Hampshire",2021-11-22,4618.97,10.461,819175,60.8
33,"New Hampshire",2021-11-29,3724.6,11.411,828971,61.48
33,"New Hampshire",2021-12-01,4963.24,11.534,830257,61.57
34,"New Jersey",2021-08-22,3369.52,6.1081,5000381,54.8238
34,"New Jersey",2021-08-29,3512.85,5.98762,5070893,55.6143
34,"New Jersey",2021-09-01,3661.38,5.98,5098199,55.9143
34,"New Jersey",2021-09-08,3299.29,6.26762,5156271,56.5333
34,"New Jersey",2021-09-15,4115.58,6.11905,5221220,57.2381
34,"New Jersey",2021-09-22,4091.35,5.71857,5282576,57.9095
34,"New Jersey",2021-09-29,3444.29,5.04238,5333077,58.481
34,"New Jersey",2021-10-01,3468.65,5.00667,5342526,58.5857
34,"New Jersey",2021-10-08,3333.52,4.70762,5393753,59.1476
34,"New Jersey",2021-10-15,3130.49,4.56333,5432098,59.5762
34,"New Jersey",2021-10-22,2488.02,4.20048,5473424,60.0238
34,"New Jersey",2021-10-29,2510.92,4.1119,5507904,60.419
34,"New Jersey",2021-11-01,2507.91,3.80952,5520329,60.5476
34,"New Jersey",2021-11-08,2230.54,3.77524,5552113,60.9095
34,"New Jersey",2021-11-15,2890.49,4.40524,5580674,61.2381
34,"New Jersey",2021-11-22,3570.94,5.06429,5608639,61.5714
34,"New Jersey",2021-11-29,3967.11,5.90571,5635081,61.8476
34,"New Jersey",2021-12-01,4368.43,6.41381,5651300,62
35,"New Mexico",2021-08-22,8892.17,9.85437,1031472,42.4848
35,"New Mexico",2021-08-29,9148.8,9.67875,1048275,43.2697
35,"New Mexico",2021-09-01,9683.74,8.92303,1053065,43.4455
35,"New Mexico",2021-09-08,8667.36,9.86906,1066557,44.0697
35,"New Mexico",2021-09-15,7532.94,7.54375,1082390,44.8394
35,"New Mexico",2021-09-22,7437.23,8.07312,1098798,45.5333
35,"New Mexico",2021-09-29,7989.36,8.35839,1111516,46.1242
35,"New Mexico",2021-10-01,8224.01,8.48968,1116498,46.3909
35,"New Mexico",2021-10-08,9569.4,10.6724,1124642,46.7606
35,"New Mexico",2021-10-15,10759.6,10.94,1135258,47.2061
35,"New Mexico",2021-10-22,7945.72,11.713,1162563,48.2818
35,"New Mexico",2021-10-29,9401.4,11.8061,1263991,55.703
35,"New Mexico",2021-11-01,10325.8,12.5809,1266615,55.8121
35,"New Mexico",2021-11-08,12550.5,14.71,1274189,56.1788
35,"New Mexico",2021-11-15,13969.4,13.5909,1281398,56.497
35,"New Mexico",2021-11-22,14586.3,13.225,1288680,56.8697
35,"New Mexico",2021-11-29,8708.43,20.0419,1293053,57.0515
35,"New Mexico",2021-12-01,10816.2,20.5975,1295987,57.1636
36,"New York",2021-08-22,8671.77,5.21935,11210553,54.0952
36,"New York",2021-08-29,8572.78,5.79306,11364747,54.6548
36,"New York",2021-09-01,10904,5.84065,11433375,54.8597
36,"New York",2021-09-08,12648.7,6.27387,11591552,55.3839
36,"New York",2021-09-15,13747.3,6.63532,11756673,55.9468
36,"New York",2021-09-22,14405.6,6.14629,11926889,56.5597
36,"New York",2021-09-29,14778.4,5.53548,12076489,57.1097
36,"New York",2021-10-01,15503.9,5.47403,12114079,57.2452
36,"New York",2021-10-08,15244.4,5.67436,12235208,57.7355
36,"New York",2021-10-15,15692.7,6.30081,12388603,58.2081
36,"New York",2021-10-22,15443.9,5.92048,12520342,58.6694
36,"New York",2021-10-29,13216.4,5.03607,12628945,59.0645
36,"New York",2021-11-01,14900.5,5.21016,12672771,59.2339
36,"New York",2021-11-08,16512,6.00936,12762952,59.571
36,"New York",2021-11-15,20719.4,7.02097,12841223,59.8823
36,"New York",2021-11-22,24410.5,8.14613,12927093,60.2081
36,"New York",2021-11-29,20481.2,9.22726,12991107,60.4371
36,"New York",2021-12-01,21321.7,9.69129,13018350,60.5581
37,"North Carolina",2021-08-22,36425.1,14.8591,4593816,39.147
37,"North Carolina",2021-08-29,44845.7,15.1362,4676192,39.874
37,"North Carolina",2021-09-01,47938,15.0282,4703928,40.112
37,"North Carolina",2021-09-08,52681.6,14.0788,4788617,40.852
37,"North Carolina",2021-09-15,50444.9,14.2916,4872006,41.626
37,"North Carolina",2021-09-22,47914.4,12.2203,4943862,42.31
37,"North Carolina",2021-09-29,37360.5,11.171,5026853,43.172
37,"North Carolina",2021-10-01,35014.6,10.6848,5046019,43.367
37,"North Carolina",2021-10-08,28510.2,9.3959,5158247,44.367
37,"North Carolina",2021-10-15,23593.4,8.4981,5217115,44.941
37,"North Carolina",2021-10-22,17114.9,7.007,5322757,46.84
37,"North Carolina",2021-10-29,14180.2,6.12747,5361217,47.209
37,"North Carolina",2021-11-01,13951.2,5.98576,5380243,47.389
37,"North Carolina",2021-11-08,11757.5,5.661,5429725,47.87
37,"North Carolina",2021-11-15,11694.4,5.7494,5456906,48.137
37,"North Carolina",2021-11-22,12502.7,6.3666,5487273,48.436
37,"North Carolina",2021-11-29,8501.03,7.3266,5516501,48.714
37,"North Carolina",2021-12-01,12117.2,7.6423,5538802,48.874
38,"North Dakota",2021-08-22,5355.68,11.6892,298267,35.5226
38,"North Dakota",2021-08-29,7234.85,9.35732,301858,35.9811
38,"North Dakota",2021-09-01,9441.19,9.26535,302590,36.0528
38,"North Dakota",2021-09-08,9878.96,10.0504,306010,36.4698
38,"North Dakota",2021-09-15,18093.6,10.5594,310409,36.9849
38,"North Dakota",2021-09-22,16647.3,10.6691,314870,37.5189
38,"North Dakota",2021-09-29,20166.5,11.206,319114,37.9925
38,"North Dakota",2021-10-01,20617.6,11.6542,320898,38.166
38,"North Dakota",2021-10-08,22584.1,13.7137,324618,38.6208
38,"North Dakota",2021-10-15,19330.1,10.7248,327981,38.9868
38,"North Dakota",2021-10-22,18549.8,11.2831,331098,39.3585
38,"North Dakota",2021-10-29,22047,12.939,332989,39.6472
38,"North Dakota",2021-11-01,23284.1,12.5937,334391,39.8264
38,"North Dakota",2021-11-08,17968.3,11.2176,336766,40.1472
38,"North Dakota",2021-11-15,17344.8,12.4481,338430,40.3906
38,"North Dakota",2021-11-22,19962.6,12.046,340227,40.6094
38,"North Dakota",2021-11-29,14449.7,10.755,342308,40.8679
38,"North Dakota",2021-12-01,14955.6,10.9781,343389,40.966
39,Ohio,2021-08-22,18583.7,11.6931,4567784,33.0273
39,Ohio,2021-08-29,26664.7,13.6065,4618468,33.417
39,Ohio,2021-09-01,30741.1,13.9394,4642047,33.5773
39,Ohio,2021-09-08,38579.3,16.1559,4689481,33.9432
39,Ohio,2021-09-15,49219.1,17.3423,4985183,36.2534
39,Ohio,2021-09-22,46907,16.9134,5737611,42.3875
39,Ohio,2021-09-29,41173,15.4916,5788658,42.8284
39,Ohio,2021-10-01,39394.8,15.223,5800147,42.9318
39,Ohio,2021-10-08,36530.2,15.1577,5858195,43.4023
39,Ohio,2021-10-15,31236.8,14.5184,5892707,43.6932
39,Ohio,2021-10-22,24730.8,12.4922,5936997,44.0761
39,Ohio,2021-10-29,22413.7,11.4019,5970714,44.3705
39,Ohio,2021-11-01,21522.7,11.2155,5986203,44.4989
39,Ohio,2021-11-08,24126.1,11.7141,6020242,44.7625
39,Ohio,2021-11-15,28263.9,13.2987,6053345,45.0364
39,Ohio,2021-11-22,32353.4,14.3767,6085206,45.2932
39,Ohio,2021-11-29,28034.9,16.1358,6110713,45.4909
39,Ohio,2021-12-01,30019.5,16.7589,6123849,45.5705
40,Oklahoma,2021-08-22,26673.5,26.0486,1571201,33.4506
40,Oklahoma,2021-08-29,26293.5,19.3215,1616568,34.3026
40,Oklahoma,2021-09-01,26293.5,18.3882,1631197,34.5688
40,Oklahoma,2021-09-08,37842.7,18.0037,1668207,35.4273
40,Oklahoma,2021-09-15,34321.8,16.6781,1700831,36.1558
40,Oklahoma,2021-09-22,29071,16.0193,1734050,36.9247
40,Oklahoma,2021-09-29,24850.9,14.681,1762890,37.5675
40,Oklahoma,2021-10-01,21018.9,18.0472,1769694,37.7481
40,Oklahoma,2021-10-08,16445.7,18.2063,1793312,38.2481
40,Oklahoma,2021-10-15,17188.9,11.9623,1813706,38.6805
40,Oklahoma,2021-10-22,16133.2,11.7687,1838677,39.4325
40,Oklahoma,2021-10-29,11081.3,13.5904,1853784,39.7688
40,Oklahoma,2021-11-01,11081.3,12.0649,1861667,39.9662
40,Oklahoma,2021-11-08,8358.96,9.60435,1877904,40.3312
40,Oklahoma,2021-11-15,9954.58,9.42944,1891093,40.6104
40,Oklahoma,2021-11-22,12187.8,10.132,1903738,40.8883
40,Oklahoma,2021-11-29,11199.7,11.3061,1913042,41.074
40,Oklahoma,2021-12-01,11199.7,11.2746,1918125,41.1519
41,Oregon,2021-08-22,15600.4,12.9809,2365449,48.8028
41,Oregon,2021-08-29,16312.1,14.9031,2389103,49.3694
41,Oregon,2021-09-01,16813,15.316,2397803,49.5417
41,Oregon,2021-09-08,13018.7,13.9906,2421697,50.1167
41,Oregon,2021-09-15,16325,15.1783,2449252,50.7972
41,Oregon,2021-09-22,13660.5,11.962,2478973,51.5306
41,Oregon,2021-09-29,14601,10.4451,2502400,52.2194
41,Oregon,2021-10-01,14030.5,10.8783,2509641,52.425
41,Oregon,2021-10-08,12236.2,11.5808,2535527,53.1028
41,Oregon,2021-10-15,12033.6,10.4731,2555251,53.6167
41,Oregon,2021-10-22,10380.8,9.74457,2572938,54.0556
41,Oregon,2021-10-29,7949.38,8.42,2588892,54.4722
41,Oregon,2021-11-01,7512.23,8.87286,2593597,54.625
41,Oregon,2021-11-08,7606.34,8.22686,2608262,54.9667
41,Oregon,2021-11-15,6257.71,7.62364,2618279,55.2056
41,Oregon,2021-11-22,6265.09,6.95694,2628701,55.5083
41,Oregon,2021-11-29,2856.03,7.11939,2638249,55.7389
41,Oregon,2021-12-01,3767.7,7.09812,2641836,55.7944
42,Pennsylvania,2021-08-22,7874.21,7.65254,6520506,46.2851
42,Pennsylvania,2021-08-29,11165.2,10.0937,6607702,46.8478
42,Pennsylvania,2021-09-01,12294.6,10.5006,6654991,47.1373
42,Pennsylvania,2021-09-08,13982.8,10.8651,6727408,47.6448
42,Pennsylvania,2021-09-15,20269.8,11.0282,6816037,48.2761
42,Pennsylvania,2021-09-22,22658.3,11.446,6898464,48.8313
42,Pennsylvania,2021-09-29,23061.7,11.8915,6978465,49.4493
42,Pennsylvania,2021-10-01,22883.4,11.78,7000741,49.609
42,Pennsylvania,2021-10-08,22703.8,12.3385,7077715,50.1075
42,Pennsylvania,2021-10-15,23233.5,12.903,7159419,50.5701
42,Pennsylvania,2021-10-22,20659.5,12.1916,7248930,51.0254
42,Pennsylvania,2021-10-29,19324.6,11.0231,7308676,51.4851
42,Pennsylvania,2021-11-01,19366.8,11.6387,7334720,51.6881
42,Pennsylvania,2021-11-08,20811.2,12.304,7389884,52.0761
42,Pennsylvania,2021-11-15,35168.2,13.9309,7463367,52.5194
42,Pennsylvania,2021-11-22,29019,15.3039,7511892,52.8463
42,Pennsylvania,2021-11-29,25896.8,16.3745,7046039,49.3627
42,Pennsylvania,2021-12-01,25975.6,16.721,7069119,49.4791
44,"Rhode Island",2021-08-22,667.53,3.162,641527,64.3
44,"Rhode Island",2021-08-29,822.17,3.038,648249,64.86
44,"Rhode Island",2021-09-01,822.17,2.924,649853,65.02
44,"Rhode Island",2021-09-08,815.16,2.262,655899,65.52
44,"Rhode Island",2021-09-15,894.1,2.162,662130,66.08
44,"Rhode Island",2021-09-22,893.37,2.054,668922,66.64
44,"Rhode Island",2021-09-29,2120.74,1.842,676370,67.28
44,"Rhode Island",2021-10-01,816.15,1.714,677773,67.42
44,"Rhode Island",2021-10-08,943.4,1.896,684253,67.92
44,"Rhode Island",2021-10-15,784.38,1.644,688419,68.26
44,"Rhode Island",2021-10-22,795.93,1.556,693298,68.64
44,"Rhode Island",2021-10-29,734.09,1.422,696917,69
44,"Rhode Island",2021-11-01,734.09,1.572,698656,69.14
44,"Rhode Island",2021-11-08,639.96,1.946,702161,69.44
44,"Rhode Island",2021-11-15,771.81,2.204,705167,69.72
44,"Rhode Island",2021-11-22,1350.84,3.7,708437,69.98
44,"Rhode Island",2021-11-29,1466.96,4.278,711563,70.3
44,"Rhode Island",2021-12-01,1466.96,4.528,713183,70.5
45,"South Carolina",2021-08-22,20315.4,13.7774,2046019,37.2239
45,"South Carolina",2021-08-29,27518.8,15.1509,2087587,38.0304
45,"South Carolina",2021-09-01,30434.2,13.7898,2105077,38.3522
45,"South Carolina",2021-09-08,31439.6,12.6998,2144950,39.1304
45,"South Carolina",2021-09-15,28203.3,12.9024,2193105,40.1065
45,"South Carolina",2021-09-22,23965.7,11.513,2234786,40.9391
45,"South Carolina",2021-09-29,17259.9,10.7459,2278405,41.787
45,"South Carolina",2021-10-01,17233.5,10.1596,2286947,41.9609
45,"South Carolina",2021-10-08,13564.1,7.84804,2325664,42.7239
45,"South Carolina",2021-10-15,9356.93,6.35674,2359382,43.3739
45,"South Carolina",2021-10-22,6624.89,5.05783,2386703,43.8804
45,"South Carolina",2021-10-29,4654.78,3.8537,2409775,44.3087
45,"South Carolina",2021-11-01,4806.42,4.05478,2419485,44.4848
45,"South Carolina",2021-11-08,4481.38,3.34,2437926,44.813
45,"South Carolina",2021-11-15,3679.29,3.22261,2453893,45.1022
45,"South Carolina",2021-11-22,3933.27,3.85717,2470038,45.3935
45,"South Carolina",2021-11-29,3228.77,4.52378,2482164,45.6043
45,"South Carolina",2021-12-01,3019.03,5.11156,2487639,45.6783
46,"South Dakota",2021-08-22,5301.69,20.3984,359141,36.5849
46,"South Dakota",2021-08-29,9876.85,21.554,364654,37.1727
46,"South Dakota",2021-09-01,11572.1,22.4219,366984,37.3758
46,"South Dakota",2021-09-08,8717.94,20.6939,371479,37.8485
46,"South Dakota",2021-09-15,17170.9,16.232,376334,38.3652
46,"South Dakota",2021-09-22,12636,16.2533,381782,38.9394
46,"South Dakota",2021-09-29,13853.9,16.1632,386817,39.4591
46,"South Dakota",2021-10-01,11992.2,16.3291,388182,39.6288
46,"South Dakota",2021-10-08,11231,16.64,391323,39.9409
46,"South Dakota",2021-10-15,9952.26,18.0705,394842,40.3045
46,"South Dakota",2021-10-22,12945.7,16.7391,443817,45.6333
46,"South Dakota",2021-10-29,12014.5,15.3819,447855,46.2424
46,"South Dakota",2021-11-01,10623.9,16.7465,448766,46.3333
46,"South Dakota",2021-11-08,14039,18.4507,454225,46.95
46,"South Dakota",2021-11-15,13660.7,19.0198,457553,47.2864
46,"South Dakota",2021-11-22,17398.2,16.3896,460802,47.6576
46,"South Dakota",2021-11-29,10361.1,18.4853,465268,48.1651
46,"South Dakota",2021-12-01,12315.5,17.4846,468179,48.3727
47,Tennessee,2021-08-22,53834.4,20.4842,2723209,33.5632
47,Tennessee,2021-08-29,68452,23.5676,2769867,34.12
47,Tennessee,2021-09-01,78415.9,24.1052,2803100,34.5347
47,Tennessee,2021-09-08,88280.6,26.5269,2863967,35.3474
47,Tennessee,2021-09-15,76309.8,23.2679,2918262,36.1137
47,Tennessee,2021-09-22,61156.3,22.1469,2979662,37.0211
47,Tennessee,2021-09-29,49022.8,18.7866,3031696,37.8011
47,Tennessee,2021-10-01,41005.5,19.3018,3043308,37.9853
47,Tennessee,2021-10-08,28682.8,16.0513,3088690,38.6284
47,Tennessee,2021-10-15,27682.8,15.2535,3123907,39.1526
47,Tennessee,2021-10-22,15942.1,12.9932,3156471,39.6011
47,Tennessee,2021-10-29,12309.2,9.78409,3181564,39.9568
47,Tennessee,2021-11-01,11893.3,9.15043,3185523,40.0126
47,Tennessee,2021-11-08,9047.41,9.32846,3206590,40.3042
47,Tennessee,2021-11-15,12685.4,7.88956,3264646,40.9768
47,Tennessee,2021-11-22,12457.2,8.7057,3291587,41.3274
47,Tennessee,2021-11-29,6579.82,9.08967,3307902,41.5253
47,Tennessee,2021-12-01,9900.76,10.7481,3315056,41.6042
48,Texas,2021-08-22,94884.1,22.7692,NULL,NULL
48,Texas,2021-08-29,105708,19.5683,NULL,NULL
48,Texas,2021-09-01,105222,19.2313,NULL,NULL
48,Texas,2021-09-08,112535,17.7097,NULL,NULL
48,Texas,2021-09-15,130958,18.1094,NULL,NULL
48,Texas,2021-09-22,99590.9,16.8768,NULL,NULL
48,Texas,2021-09-29,76042.9,15.3256,NULL,NULL
48,Texas,2021-10-01,64787.8,14.3712,NULL,NULL
48,Texas,2021-10-08,51367.6,13.1535,NULL,NULL
48,Texas,2021-10-15,41353.1,10.8561,NULL,NULL
48,Texas,2021-10-22,29586.5,8.9905,15173194,41.034
48,Texas,2021-10-29,20338.8,8.63256,15317180,41.532
48,Texas,2021-11-01,20562.9,9.28663,15355880,41.6455
48,Texas,2021-11-08,17280.1,8.87549,15442037,41.8889
48,Texas,2021-11-15,19649.5,9.13158,15540881,42.1601
48,Texas,2021-11-22,18349.3,10.0956,15629153,42.4435
48,Texas,2021-11-29,5855.01,11.5571,15702561,42.6921
48,Texas,2021-12-01,17680,11.0779,15746531,42.7917
49,Utah,2021-08-22,3939.45,16.3407,1455695,39.5552
49,Utah,2021-08-29,3451.85,17.1971,1480527,40.1552
49,Utah,2021-09-01,3789.69,16.8745,1488549,40.4035
49,Utah,2021-09-08,4572.78,15.3241,1507098,40.8379
49,Utah,2021-09-15,5089.34,15.6379,1527928,41.3621
49,Utah,2021-09-22,4436.81,15.7372,1555176,42.1069
49,Utah,2021-09-29,4136.21,15.8752,1576614,42.7448
49,Utah,2021-10-01,3790.5,16.8189,1584776,42.9172
49,Utah,2021-10-08,3477.97,16.3838,1612694,43.8069
49,Utah,2021-10-15,3924.11,16.0534,1637852,44.5621
49,Utah,2021-10-22,4250.76,15.1679,1654327,45.0172
49,Utah,2021-10-29,5375.18,16.165,1664195,45.3448
49,Utah,2021-11-01,5463.62,17.4532,1674201,45.6586
49,Utah,2021-11-08,4617.54,16.1761,1690713,46.2069
49,Utah,2021-11-15,4327.76,13.7575,1703435,46.631
49,Utah,2021-11-22,4117.98,12.5118,1725566,47.4172
49,Utah,2021-11-29,3094.35,11.8829,1728459,47.5241
49,Utah,2021-12-01,2750.95,11.6632,1742665,48
50,Vermont,2021-08-22,1668.57,3.38071,310075,47.1786
50,Vermont,2021-08-29,1847.75,4.25714,312090,47.5
50,Vermont,2021-09-01,2004.23,4.47929,312655,47.5929
50,Vermont,2021-09-08,2447.2,4.25071,314206,47.8786
50,Vermont,2021-09-15,2258.06,4.21571,316130,48.1714
50,Vermont,2021-09-22,3397.86,3.47357,317377,48.3714
50,Vermont,2021-09-29,3375.9,3.48571,319052,48.6429
50,Vermont,2021-10-01,3100.91,3.18357,319565,48.75
50,Vermont,2021-10-08,2926.5,3.525,322415,49.1214
50,Vermont,2021-10-15,3633.78,4.21857,323907,49.35
50,Vermont,2021-10-22,4193.64,4.51643,325471,49.5786
50,Vermont,2021-10-29,3726.85,3.54214,327113,49.8357
50,Vermont,2021-11-01,3741.71,4.20143,328015,49.9857
50,Vermont,2021-11-08,5589.66,4.83714,329934,50.2929
50,Vermont,2021-11-15,6189.09,5.27071,331746,50.5786
50,Vermont,2021-11-22,6354.58,4.92286,333887,50.8786
50,Vermont,2021-11-29,1786.89,5.35571,335238,51.1214
50,Vermont,2021-12-01,5526.47,5.84857,335786,51.1929
51,Virginia,2021-08-22,27783.6,12.6734,2469455,19.2244
51,Virginia,2021-08-29,38200.7,13.552,2503462,19.5307
51,Virginia,2021-09-01,42768.9,13.7533,2514721,19.6283
51,Virginia,2021-09-08,45057.2,14.3251,2542537,19.8732
51,Virginia,2021-09-15,52840.2,15.5885,2571878,20.1346
51,Virginia,2021-09-22,53549.4,14.0942,2621881,20.5087
51,Virginia,2021-09-29,45692.2,13.9667,4333258,43.7323
51,Virginia,2021-10-01,42922,13.591,4340652,43.7955
51,Virginia,2021-10-08,38965.4,12.8721,4367034,44.0444
51,Virginia,2021-10-15,31834.1,12.503,4395764,44.2925
51,Virginia,2021-10-22,25807.4,11.0196,4425025,44.5338
51,Virginia,2021-10-29,19942.8,10.0534,4446230,44.7143
51,Virginia,2021-11-01,20170.3,9.60145,4455953,44.8045
51,Virginia,2021-11-08,18085.3,8.81573,4477039,44.9804
51,Virginia,2021-11-15,20315.8,8.86123,4497806,45.1489
51,Virginia,2021-11-22,21625.7,9.57277,4520854,45.2992
51,Virginia,2021-11-29,19243.6,10.4518,4534825,45.3947
51,Virginia,2021-12-01,17606.2,10.6187,4541820,45.4368
53,Washington,2021-08-22,12564.7,17.3389,4352090,48.0667
53,Washington,2021-08-29,14247.8,87.0044,4399200,48.6359
53,Washington,2021-09-01,15185.2,88.4831,4416243,48.8282
53,Washington,2021-09-08,14590.5,88.9653,4466342,49.4615
53,Washington,2021-09-15,16619.6,88.5868,4528437,50.2615
53,Washington,2021-09-22,15450.3,60.7203,4593140,51.0974
53,Washington,2021-09-29,13978.3,25.8334,4442933,50.2308
53,Washington,2021-10-01,13794.5,19.3739,4456198,50.4282
53,Washington,2021-10-08,12845.6,18.0339,4524098,51.2359
53,Washington,2021-10-15,11721.7,17.9811,4565458,51.7667
53,Washington,2021-10-22,9426.96,19.5097,4603812,52.2538
53,Washington,2021-10-29,8485.8,13.66,4640354,52.7256
53,Washington,2021-11-01,8339.04,16.3774,4645272,52.7974
53,Washington,2021-11-08,6978.04,18.3139,4672982,53.1385
53,Washington,2021-11-15,6889.37,16.0724,4698560,53.4385
53,Washington,2021-11-22,6522.43,11.4419,4728676,53.7897
53,Washington,2021-11-29,2851.74,11.3715,4746412,53.9692
53,Washington,2021-12-01,3516.56,9.35436,4770216,54.1641
54,"West Virginia",2021-08-22,17327.6,11.6158,409041,20.5709
54,"West Virginia",2021-08-29,29284.8,14.2391,411104,20.7055
54,"West Virginia",2021-09-01,31045.7,14.8356,411763,20.7382
54,"West Virginia",2021-09-08,38139.5,14.9905,413439,20.8418
54,"West Virginia",2021-09-15,45222.5,16.1036,418560,21.1364
54,"West Virginia",2021-09-22,43994.6,15.7231,428199,21.6164
54,"West Virginia",2021-09-29,37131.6,14.6536,432769,21.9382
54,"West Virginia",2021-10-01,37804,14.8125,433474,21.9855
54,"West Virginia",2021-10-08,29595.2,14.1989,435702,22.1255
54,"West Virginia",2021-10-15,24435.3,12.4533,437882,22.2273
54,"West Virginia",2021-10-22,21424.1,12.2293,439828,22.3164
54,"West Virginia",2021-10-29,19995.6,11.146,440858,22.3855
54,"West Virginia",2021-11-01,20446.8,11.0371,441177,22.4036
54,"West Virginia",2021-11-08,19090.1,10.8669,441932,22.4382
54,"West Virginia",2021-11-15,17267.4,10.2844,442739,22.4782
54,"West Virginia",2021-11-22,20254.5,11.5809,448424,22.7564
54,"West Virginia",2021-11-29,5899.56,12.0093,448785,22.7709
54,"West Virginia",2021-12-01,15229.4,12.6916,448921,22.7782
55,Wisconsin,2021-08-22,10592.4,7.85,3008096,48.0833
55,Wisconsin,2021-08-29,15293.1,8.96319,3043869,48.6736
55,Wisconsin,2021-09-01,15603.9,9.12444,3051330,48.7819
55,Wisconsin,2021-09-08,15873.2,10.1972,3082783,49.3028
55,Wisconsin,2021-09-15,19841.6,10.3933,3118362,49.8667
55,Wisconsin,2021-09-22,30894.7,9.91736,3153303,50.4361
55,Wisconsin,2021-09-29,30249.2,10.3431,3185744,50.9806
55,Wisconsin,2021-10-01,29621.8,10.5938,3192484,51.1139
55,Wisconsin,2021-10-08,30568.1,11.3654,3223546,51.9208
55,Wisconsin,2021-10-15,27289.8,11.07,3247533,52.3014
55,Wisconsin,2021-10-22,23781.6,9.82069,3269241,52.6708
55,Wisconsin,2021-10-29,22691.3,9.76806,3285921,52.9486
55,Wisconsin,2021-11-01,22850.6,9.94375,3293750,53.0681
55,Wisconsin,2021-11-08,25176.6,10.9914,3310900,53.3417
55,Wisconsin,2021-11-15,30557.8,12.7372,3326013,53.5833
55,Wisconsin,2021-11-22,34346.6,13.496,3340879,53.8306
55,Wisconsin,2021-11-29,30744.8,14.2403,3352858,54.0042
55,Wisconsin,2021-12-01,30631.3,14.7665,3359891,54.0889
56,Wyoming,2021-08-22,9580.99,12.2704,212424,34.213
56,Wyoming,2021-08-29,11764.3,11.7774,215088,34.6217
56,Wyoming,2021-09-01,14648.6,12.1891,216708,34.9087
56,Wyoming,2021-09-08,15948.8,12.4774,220634,35.4739
56,Wyoming,2021-09-15,16526,12.17,224550,36.0957
56,Wyoming,2021-09-22,15230.1,13.2309,228190,36.7043
56,Wyoming,2021-09-29,14621.1,12.9626,231618,37.2739
56,Wyoming,2021-10-01,14086.5,13.1848,232184,37.3565
56,Wyoming,2021-10-08,13171.9,12.1674,236120,37.9783
56,Wyoming,2021-10-15,12958.9,12.32,239343,38.5043
56,Wyoming,2021-10-22,12930.1,11.6252,242178,38.9348
56,Wyoming,2021-10-29,11555.2,11.5235,244784,39.3565
56,Wyoming,2021-11-01,11221.4,10.687,244933,39.3826
56,Wyoming,2021-11-08,9878.44,9.67696,247556,39.8913
56,Wyoming,2021-11-15,9059.53,8.66091,249973,40.2565
56,Wyoming,2021-11-22,6961.97,9.58429,252405,40.6609
56,Wyoming,2021-11-29,2969.12,7.02667,254059,40.9522
56,Wyoming,2021-12-01,4114.69,6.71091,254745,41.0478
